1574,62,52.047897,1.297593,22,2021-04-30 11:39:07.560786061+00:00
1575,67,52.047897,1.297593,22,2021-04-30 11:39:51.598899102+00:00
1576,233,52.047897,1.297593,15,2021-04-30 11:53:02.482087795+00:00
1577,285,52.0544505,1.2910395,15,2021-04-30 11:53:46.463951509+00:00
1578,342,52.0544505,1.2910395,15,2021-04-30 11:54:30.451255293+00:00
1579,402,52.0544505,1.284486,14,2021-04-30 11:55:14.536478067+00:00
1580,504,52.0544505,1.284486,13,2021-04-30 11:55:58.519489595+00:00
1581,649,52.0544505,1.284486,14,2021-04-30 11:56:42.507529590+00:00
1582,720,52.0544505,1.2910395,14,2021-04-30 11:57:26.490326815+00:00
1583,702,52.0544505,1.2910395,16,2021-04-30 11:58:10.479233621+00:00
1584,666,52.0544505,1.2910395,16,2021-04-30 11:58:54.452918227+00:00
1585,691,52.0544505,1.297593,15,2021-04-30 11:59:38.540870137+00:00
1586,675,52.0544505,1.297593,16,2021-04-30 12:00:22.558920326+00:00
1587,673,52.0544505,1.297593,16,2021-04-30 12:01:06.538751512+00:00
1588,706,52.0544505,1.3041465,17,2021-04-30 12:01:50.526115080+00:00
1589,783,52.0544505,1.3041465,18,2021-04-30 12:02:34.513371488+00:00
1590,880,52.0544505,1.3107,16,2021-04-30 12:03:18.497073948+00:00
1591,965,52.0544505,1.3107,16,2021-04-30 12:04:02.479710995+00:00
1592,1033,52.0544505,1.3107,15,2021-04-30 12:04:45.522488421+00:00
1593,1098,52.047897,1.3172535,15,2021-04-30 12:05:29.502684636+00:00
1594,1159,52.047897,1.3172535,14,2021-04-30 12:06:13.487789315+00:00
1595,1213,52.047897,1.323807,14,2021-04-30 12:06:57.472186785+00:00
1596,1259,52.047897,1.323807,14,2021-04-30 12:07:41.459751697+00:00
1597,1299,52.047897,1.3303605,14,2021-04-30 12:08:25.541287550+00:00
1598,1328,52.047897,1.3303605,14,2021-04-30 12:09:09.525452117+00:00
1599,1367,52.047897,1.336914,13,2021-04-30 12:09:53.510747599+00:00
1600,1401,52.0413435,1.336914,13,2021-04-30 12:10:37.492760146+00:00
1601,1436,52.0413435,1.3434675,13,2021-04-30 12:11:21.479343413+00:00
1602,1485,52.0413435,1.3434675,13,2021-04-30 12:12:05.465383974+00:00
1603,1545,52.0413435,1.350021,13,2021-04-30 12:12:49.449876914+00:00
1604,1611,52.0413435,1.3565745,13,2021-04-30 12:13:32.481883270+00:00
1605,1685,52.0413435,1.3565745,12,2021-04-30 12:14:16.474292514+00:00
1606,1757,52.03479,1.363128,12,2021-04-30 12:15:00.452440971+00:00
1607,1821,52.03479,1.3696815,12,2021-04-30 12:15:44.537751643+00:00
1608,1877,52.03479,1.3696815,12,2021-04-30 12:16:28.519911152+00:00
1609,1919,52.03479,1.376235,10,2021-04-30 12:17:12.506105015+00:00
1610,1971,52.03479,1.3827885,8,2021-04-30 12:17:56.489220037+00:00
1611,2028,52.03479,1.3827885,8,2021-04-30 12:18:40.473812678+00:00
1612,2096,52.03479,1.389342,8,2021-04-30 12:19:24.461678012+00:00
1613,2170,52.03479,1.389342,8,2021-04-30 12:20:08.467900587+00:00
1614,2170,52.03479,1.389342,8,2021-04-30 12:20:09.094134160+00:00
1615,2248,52.03479,1.3958955,6,2021-04-30 12:20:52.453481989+00:00
1616,2248,52.03479,1.3958955,6,2021-04-30 12:20:54.087314874+00:00
1617,2332,52.03479,1.3958955,6,2021-04-30 12:21:36.532183921+00:00
1618,2332,52.03479,1.3958955,6,2021-04-30 12:21:37.921889281+00:00
1619,2409,52.03479,1.402449,8,2021-04-30 12:22:20.519760549+00:00
1620,2479,52.03479,1.402449,8,2021-04-30 12:23:04.507113475+00:00
1621,2546,52.0282365,1.4090025,7,2021-04-30 12:23:48.492258671+00:00
1622,2546,52.0282365,1.4090025,7,2021-04-30 12:23:51.020076367+00:00
1623,2598,52.0282365,1.4090025,6,2021-04-30 12:24:32.479025089+00:00
1624,2643,52.0282365,1.4090025,7,2021-04-30 12:25:16.461233347+00:00
1625,2643,52.0282365,1.4090025,7,2021-04-30 12:25:17.924698981+00:00
1626,2672,52.0282365,1.415556,7,2021-04-30 12:26:00.513569431+00:00
1627,2706,52.0282365,1.415556,7,2021-04-30 12:26:44.497744314+00:00
1628,2706,52.0282365,1.415556,7,2021-04-30 12:26:44.903482274+00:00
1629,2706,52.0282365,1.415556,7,2021-04-30 12:26:46.838959644+00:00
1630,2739,52.0282365,1.415556,7,2021-04-30 12:27:28.503778902+00:00
1631,2739,52.0282365,1.415556,7,2021-04-30 12:27:29.108358984+00:00
1632,2776,52.0282365,1.415556,7,2021-04-30 12:28:12.488079768+00:00
1633,2776,52.0282365,1.415556,7,2021-04-30 12:28:14.917272237+00:00
1634,2812,52.0282365,1.415556,6,2021-04-30 12:28:56.473643850+00:00
1635,2812,52.0282365,1.415556,6,2021-04-30 12:28:58.425953024+00:00
1636,2865,52.0282365,1.415556,6,2021-04-30 12:29:40.498757455+00:00
1637,2928,52.0282365,1.415556,6,2021-04-30 12:30:24.481850105+00:00
1638,2928,52.0282365,1.415556,6,2021-04-30 12:30:25.479311773+00:00
1639,2991,52.0282365,1.415556,6,2021-04-30 12:31:08.464605350+00:00
1640,3054,52.0282365,1.415556,5,2021-04-30 12:31:52.446932090+00:00
1641,3054,52.0282365,1.415556,5,2021-04-30 12:31:55.074262775+00:00
1642,3107,52.0282365,1.415556,6,2021-04-30 12:32:36.478823484+00:00
1643,3152,52.0282365,1.415556,5,2021-04-30 12:33:20.459739505+00:00
1644,3152,52.0282365,1.415556,5,2021-04-30 12:33:21.145092252+00:00
1645,3179,52.0282365,1.415556,4,2021-04-30 12:34:04.442404949+00:00
1646,3179,52.0282365,1.415556,4,2021-04-30 12:34:05.863018103+00:00
1647,3212,52.0282365,1.415556,6,2021-04-30 12:34:48.506357566+00:00
1648,3232,52.0282365,1.415556,6,2021-04-30 12:35:32.490765433+00:00
1649,3262,52.0282365,1.415556,6,2021-04-30 12:36:16.476447187+00:00
1650,3300,52.0282365,1.415556,7,2021-04-30 12:37:00.465558347+00:00
1651,3354,52.0282365,1.415556,6,2021-04-30 12:37:44.448548126+00:00
1652,3354,52.0282365,1.415556,6,2021-04-30 12:37:45.430960199+00:00
1653,3409,52.0282365,1.4221095,6,2021-04-30 12:38:28.531758029+00:00
1654,3409,52.0282365,1.4221095,6,2021-04-30 12:38:29.271156893+00:00
1655,3462,52.03479,1.4221095,7,2021-04-30 12:39:12.480464556+00:00
1656,3517,52.03479,1.428663,7,2021-04-30 12:39:56.471912947+00:00
1657,3517,52.03479,1.428663,7,2021-04-30 12:39:58.831740308+00:00
1658,3583,52.03479,1.428663,7,2021-04-30 12:40:40.472496859+00:00
1659,3583,52.03479,1.428663,7,2021-04-30 12:40:41.264415316+00:00
1660,3640,52.03479,1.428663,7,2021-04-30 12:41:24.456279349+00:00
1661,3695,52.0413435,1.4352165,6,2021-04-30 12:42:08.446007317+00:00
1662,3744,52.0413435,1.4352165,6,2021-04-30 12:42:52.525886676+00:00
1663,3794,52.0413435,1.44177,7,2021-04-30 12:43:36.531612656+00:00
1664,3794,52.0413435,1.44177,7,2021-04-30 12:43:39.405504205+00:00
1665,3841,52.0413435,1.44177,7,2021-04-30 12:44:20.518400286+00:00
1666,3889,52.047897,1.4483235,7,2021-04-30 12:45:04.503837048+00:00
1667,3936,52.047897,1.4483235,6,2021-04-30 12:45:48.487630500+00:00
1668,3936,52.047897,1.4483235,6,2021-04-30 12:45:49.673781597+00:00
1669,3982,52.047897,1.4483235,7,2021-04-30 12:46:32.473676982+00:00
1670,3982,52.047897,1.4483235,7,2021-04-30 12:46:33.962587560+00:00
1671,4028,52.0544505,1.454877,6,2021-04-30 12:47:16.458638749+00:00
1672,4028,52.0544505,1.454877,6,2021-04-30 12:47:18.803984089+00:00
1673,4074,52.0544505,1.454877,6,2021-04-30 12:48:00.445206638+00:00
1674,4074,52.0544505,1.454877,6,2021-04-30 12:48:01.188521512+00:00
1675,4122,52.0544505,1.4614305,5,2021-04-30 12:48:44.485750036+00:00
1676,4172,52.061004,1.4614305,6,2021-04-30 12:49:28.433155610+00:00
1677,4172,52.061004,1.4614305,6,2021-04-30 12:49:28.912606214+00:00
1678,4223,52.061004,1.467984,7,2021-04-30 12:50:12.517561185+00:00
1679,4274,52.061004,1.467984,6,2021-04-30 12:50:56.501446038+00:00
1680,4323,52.061004,1.4745375,5,2021-04-30 12:51:40.485292791+00:00
1681,4369,52.0675575,1.4745375,5,2021-04-30 12:52:24.472467787+00:00
1682,4408,52.0675575,1.481091,4,2021-04-30 12:53:08.456384541+00:00
1683,4444,52.074111,1.481091,5,2021-04-30 12:53:52.444446649+00:00
1684,4469,52.074111,1.4876445,4,2021-04-30 12:54:36.525225576+00:00
1685,4469,52.074111,1.4876445,4,2021-04-30 12:54:38.033024403+00:00
1686,4494,52.074111,1.4876445,4,2021-04-30 12:55:20.512743977+00:00
1687,4522,52.0806645,1.494198,5,2021-04-30 12:56:04.497474842+00:00
1688,4556,52.0806645,1.494198,4,2021-04-30 12:56:48.485008043+00:00
1689,4592,52.087218,1.5007515,5,2021-04-30 12:57:32.471195427+00:00
1690,4633,52.087218,1.5007515,4,2021-04-30 12:58:16.456038292+00:00
1691,4633,52.087218,1.5007515,4,2021-04-30 12:58:16.888258976+00:00
1692,4680,52.087218,1.507305,4,2021-04-30 12:59:00.538553343+00:00
1693,4730,52.0937715,1.5138585,3,2021-04-30 12:59:44.527443962+00:00
1694,4782,52.0937715,1.5138585,3,2021-04-30 13:00:28.516551384+00:00
1695,4836,52.100325,1.520412,2,2021-04-30 13:01:12.516073642+00:00
1696,4892,52.100325,1.5269655,2,2021-04-30 13:01:56.500502519+00:00
1697,4949,52.100325,1.5269655,2,2021-04-30 13:02:40.487932421+00:00
1698,5003,52.1068785,1.533519,3,2021-04-30 13:03:24.474528612+00:00
1699,5053,52.1068785,1.5400725,1,2021-04-30 13:04:08.457997761+00:00
1700,5102,52.113432,1.5400725,1,2021-04-30 13:04:52.542174834+00:00
1701,5102,52.113432,1.5400725,1,2021-04-30 13:04:53.532344043+00:00
1702,5142,52.113432,1.546626,1,2021-04-30 13:05:36.525659484+00:00
1703,5180,52.113432,1.5531795,1,2021-04-30 13:06:20.513885696+00:00
1704,5217,52.1199855,1.5531795,1,2021-04-30 13:07:04.498017855+00:00
1705,5257,52.1199855,1.559733,1,2021-04-30 13:07:48.484411443+00:00
1706,5295,52.1199855,1.5662865,1,2021-04-30 13:08:32.469895219+00:00
1707,5341,52.126539,1.5662865,-1,2021-04-30 13:09:16.458218532+00:00
1708,5341,52.126539,1.5662865,-1,2021-04-30 13:09:17.190392351+00:00
1709,5341,52.126539,1.5662865,-1,2021-04-30 13:09:26.477837569+00:00
1710,5385,52.126539,1.57284,-2,2021-04-30 13:10:00.538525754+00:00
1711,5385,52.126539,1.57284,-2,2021-04-30 13:10:01.048975860+00:00
1712,5432,52.1330925,1.5793935,-1,2021-04-30 13:10:44.526914168+00:00
1713,5480,52.1330925,1.585947,-2,2021-04-30 13:11:28.513702362+00:00
1714,5480,52.1330925,1.585947,-2,2021-04-30 13:11:29.069957970+00:00
1715,5480,52.1330925,1.585947,-2,2021-04-30 13:11:30.764977139+00:00
1716,5535,52.139646,1.585947,-1,2021-04-30 13:12:12.496472602+00:00
1717,5535,52.139646,1.585947,-1,2021-04-30 13:12:12.907797106+00:00
1718,5588,52.139646,1.5925005,-2,2021-04-30 13:12:56.484454411+00:00
1719,5643,52.1461995,1.599054,-3,2021-04-30 13:13:40.420593039+00:00
1720,5696,52.1461995,1.6056075,-2,2021-04-30 13:14:24.501776872+00:00
1721,5748,52.152753,1.612161,-3,2021-04-30 13:15:08.491018398+00:00
1722,5748,52.152753,1.612161,-3,2021-04-30 13:15:09.376413430+00:00
1723,5803,52.1593065,1.6187145,-3,2021-04-30 13:15:52.476022668+00:00
1724,5858,52.1593065,1.625268,-3,2021-04-30 13:16:36.461445443+00:00
1725,5858,52.1593065,1.625268,-3,2021-04-30 13:16:36.999888017+00:00
1726,5912,52.16586,1.6318215,-4,2021-04-30 13:17:20.453363004+00:00
1727,5912,52.16586,1.6318215,-4,2021-04-30 13:17:21.338467132+00:00
1728,5960,52.1724135,1.638375,-4,2021-04-30 13:18:04.532510411+00:00
1729,6008,52.178967,1.6449285,-4,2021-04-30 13:18:48.521247029+00:00
1730,6008,52.178967,1.6449285,-4,2021-04-30 13:18:49.102566567+00:00
1731,6051,52.178967,1.651482,-4,2021-04-30 13:19:32.506268352+00:00
1732,6094,52.1855205,1.6580355,-4,2021-04-30 13:20:16.489868054+00:00
1733,6140,52.192074,1.664589,-5,2021-04-30 13:21:00.496512859+00:00
1734,6140,52.192074,1.664589,-5,2021-04-30 13:21:01.429321225+00:00
1735,6186,52.1986275,1.6711425,-6,2021-04-30 13:21:44.482206788+00:00
1736,6236,52.1986275,1.6842495,-5,2021-04-30 13:22:28.467842417+00:00
1737,6285,52.205181,1.690803,-5,2021-04-30 13:23:12.456508385+00:00
1738,6329,52.2117345,1.6973565,-6,2021-04-30 13:23:56.442467518+00:00
1739,6380,52.218288,1.70391,-6,2021-04-30 13:24:40.527210550+00:00
1740,6432,52.2248415,1.7104635,-6,2021-04-30 13:25:24.516524427+00:00
1741,6488,52.2248415,1.717017,-7,2021-04-30 13:26:08.501188843+00:00
1742,6488,52.2248415,1.717017,-7,2021-04-30 13:26:10.083450151+00:00
1743,6543,52.231395,1.7235705,-8,2021-04-30 13:26:52.485167550+00:00
1744,6543,52.231395,1.7235705,-8,2021-04-30 13:26:53.153891644+00:00
1745,6599,52.2379485,1.730124,-7,2021-04-30 13:27:36.473606016+00:00
1746,6653,52.244502,1.743231,-9,2021-04-30 13:28:20.462806791+00:00
1747,6706,52.244502,1.7497845,-9,2021-04-30 13:29:04.447614809+00:00
1748,6757,52.2510555,1.756338,-9,2021-04-30 13:29:48.531961036+00:00
1749,6804,52.257609,1.7628915,-9,2021-04-30 13:30:32.519187086+00:00
1750,6847,52.2641625,1.769445,-10,2021-04-30 13:31:16.504202606+00:00
1751,6886,52.270716,1.782552,-11,2021-04-30 13:32:00.499808566+00:00
1752,6886,52.270716,1.782552,-11,2021-04-30 13:32:01.012784812+00:00
1753,6922,52.2772695,1.7891055,-10,2021-04-30 13:32:44.482746959+00:00
1754,6963,52.283823,1.795659,-10,2021-04-30 13:33:28.467177272+00:00
1755,6963,52.283823,1.795659,-10,2021-04-30 13:33:29.085893908+00:00
1756,7006,52.2903765,1.808766,-10,2021-04-30 13:34:12.455258533+00:00
1757,7006,52.2903765,1.808766,-10,2021-04-30 13:34:13.010214831+00:00
1758,7055,52.29693,1.8153195,-10,2021-04-30 13:34:56.537413931+00:00
1759,7104,52.3034835,1.8284265,-11,2021-04-30 13:35:40.525687094+00:00
1760,7153,52.310037,1.83498,-11,2021-04-30 13:36:24.515765340+00:00
1761,7197,52.3165905,1.8415335,-10,2021-04-30 13:37:08.501803531+00:00
1762,7239,52.323144,1.8546405,-11,2021-04-30 13:37:52.490228554+00:00
1763,7277,52.3296975,1.861194,-12,2021-04-30 13:38:36.474258118+00:00
1764,7277,52.3296975,1.861194,-12,2021-04-30 13:38:36.990543710+00:00
1765,7312,52.3428045,1.874301,-12,2021-04-30 13:39:20.466411190+00:00
1766,7350,52.349358,1.8808545,-11,2021-04-30 13:40:04.454166204+00:00
1767,7350,52.349358,1.8808545,-11,2021-04-30 13:40:05.633409916+00:00
1768,7393,52.3559115,1.8939615,-11,2021-04-30 13:40:48.557692741+00:00
1769,7393,52.3559115,1.8939615,-11,2021-04-30 13:40:49.114771969+00:00
1770,7441,52.362465,1.900515,-12,2021-04-30 13:41:32.450863511+00:00
1771,7491,52.3690185,1.913622,-11,2021-04-30 13:42:16.529278617+00:00
1772,7491,52.3690185,1.913622,-11,2021-04-30 13:42:17.353256156+00:00
1773,7537,52.375572,1.9201755,-13,2021-04-30 13:43:00.522218299+00:00
1774,7537,52.375572,1.9201755,-13,2021-04-30 13:43:01.094387825+00:00
1775,7537,52.375572,1.9201755,-13,2021-04-30 13:43:01.797737677+00:00
1776,7580,52.3821255,1.9332825,-13,2021-04-30 13:43:44.509728610+00:00
1777,7580,52.3821255,1.9332825,-13,2021-04-30 13:43:46.238673252+00:00
1778,7617,52.388679,1.939836,-14,2021-04-30 13:44:28.497533524+00:00
1779,7617,52.388679,1.939836,-14,2021-04-30 13:44:29.994002409+00:00
1780,7649,52.401786,1.952943,-12,2021-04-30 13:45:12.488398879+00:00
1781,7676,52.4083395,1.96605,-13,2021-04-30 13:45:56.475259081+00:00
1782,7696,52.414893,1.9726035,-11,2021-04-30 13:46:40.463110596+00:00
1783,7721,52.4214465,1.9857105,-9,2021-04-30 13:47:24.453221941+00:00
1784,7721,52.4214465,1.9857105,-9,2021-04-30 13:47:25.021717619+00:00
1785,7757,52.428,1.992264,-8,2021-04-30 13:48:08.533405571+00:00
1786,7797,52.4345535,2.005371,-9,2021-04-30 13:48:52.525470541+00:00
1787,7797,52.4345535,2.005371,-9,2021-04-30 13:48:53.041314527+00:00
1788,7843,52.441107,2.018478,-8,2021-04-30 13:49:36.509196402+00:00
1789,7890,52.4476605,2.0250315,-11,2021-04-30 13:50:20.500895368+00:00
1790,7890,52.4476605,2.0250315,-11,2021-04-30 13:50:20.930286316+00:00
1791,7937,52.454214,2.0381385,-10,2021-04-30 13:51:04.482388999+00:00
1792,7937,52.454214,2.0381385,-10,2021-04-30 13:51:05.093839642+00:00
1793,7982,52.4607675,2.044692,-10,2021-04-30 13:51:48.470224214+00:00
1794,7982,52.4607675,2.044692,-10,2021-04-30 13:51:49.113076470+00:00
1795,8022,52.4738745,2.057799,-11,2021-04-30 13:52:32.460123956+00:00
1796,8052,52.480428,2.0643525,-11,2021-04-30 13:53:16.543606130+00:00
1797,8078,52.4869815,2.0774595,-11,2021-04-30 13:54:00.528871963+00:00
1798,8078,52.4869815,2.0774595,-11,2021-04-30 13:54:01.056902017+00:00
1799,8103,52.493535,2.0905665,-12,2021-04-30 13:54:44.516121052+00:00
1800,8130,52.5000885,2.09712,-12,2021-04-30 13:55:28.507376994+00:00
1801,8159,52.506642,2.110227,-9,2021-04-30 13:56:12.497974127+00:00
1802,8197,52.5131955,2.123334,-10,2021-04-30 13:56:56.487459145+00:00
1803,8238,52.519749,2.1298875,-12,2021-04-30 13:57:40.471748495+00:00
1804,8238,52.519749,2.1298875,-12,2021-04-30 13:57:41.093080278+00:00
1805,8276,52.5263025,2.1429945,-11,2021-04-30 13:58:24.460661206+00:00
1806,8276,52.5263025,2.1429945,-11,2021-04-30 13:58:25.710707168+00:00
1807,8316,52.532856,2.1561015,-10,2021-04-30 13:59:08.450328727+00:00
1808,8352,52.5394095,2.162655,-9,2021-04-30 13:59:52.533306576+00:00
1809,8352,52.5394095,2.162655,-9,2021-04-30 13:59:53.367528962+00:00
1810,8385,52.5525165,2.175762,-10,2021-04-30 14:00:36.519462651+00:00
1811,8416,52.55907,2.188869,-9,2021-04-30 14:01:20.529614341+00:00
1812,8445,52.5656235,2.201976,-9,2021-04-30 14:02:04.518048546+00:00
1813,8481,52.572177,2.2085295,-10,2021-04-30 14:02:48.505158833+00:00
1814,8522,52.5787305,2.2216365,-11,2021-04-30 14:03:32.492866928+00:00
1815,8569,52.585284,2.2347435,-13,2021-04-30 14:04:16.478637397+00:00
1816,8569,52.585284,2.2347435,-13,2021-04-30 14:04:16.954207360+00:00
1817,8621,52.5918375,2.241297,-11,2021-04-30 14:05:00.463034848+00:00
1818,8621,52.5918375,2.241297,-11,2021-04-30 14:05:01.263871795+00:00
1819,8675,52.598391,2.254404,-10,2021-04-30 14:05:44.451558054+00:00
1820,8675,52.598391,2.254404,-10,2021-04-30 14:05:44.906870750+00:00
1821,8727,52.6049445,2.2609575,-11,2021-04-30 14:06:28.539238366+00:00
1822,8727,52.6049445,2.2609575,-11,2021-04-30 14:06:29.306547571+00:00
1823,8777,52.611498,2.2740645,-12,2021-04-30 14:07:12.525970448+00:00
1824,8829,52.6180515,2.280618,-11,2021-04-30 14:07:56.514277950+00:00
1825,8879,52.624605,2.293725,-13,2021-04-30 14:08:40.505368390+00:00
1826,8928,52.6311585,2.306832,-12,2021-04-30 14:09:24.490708154+00:00
1827,8977,52.637712,2.3133855,-12,2021-04-30 14:10:08.478017443+00:00
1828,9024,52.6442655,2.319939,-11,2021-04-30 14:10:52.466923136+00:00
1829,9024,52.6442655,2.319939,-11,2021-04-30 14:10:53.510163967+00:00
1830,9072,52.650819,2.333046,-13,2021-04-30 14:11:36.454229611+00:00
1831,9117,52.6573725,2.346153,-12,2021-04-30 14:12:20.548465493+00:00
1832,9162,52.663926,2.3527065,-13,2021-04-30 14:13:04.529930391+00:00
1833,9210,52.6704795,2.3658135,-12,2021-04-30 14:13:48.519429195+00:00
1834,9210,52.6704795,2.3658135,-12,2021-04-30 14:13:49.663526454+00:00
1835,9263,52.677033,2.372367,-12,2021-04-30 14:14:32.507372779+00:00
1836,9318,52.6835865,2.385474,-13,2021-04-30 14:15:16.496280675+00:00
1837,9368,52.69014,2.3920275,-12,2021-04-30 14:16:00.489207424+00:00
1838,9414,52.6966935,2.4051345,-12,2021-04-30 14:16:44.477622613+00:00
1839,9456,52.703247,2.411688,-13,2021-04-30 14:17:28.466362107+00:00
1840,9495,52.703247,2.4182415,-13,2021-04-30 14:18:12.407117470+00:00
1841,9537,52.7098005,2.4313485,-12,2021-04-30 14:18:56.490986116+00:00
1842,9589,52.716354,2.437902,-12,2021-04-30 14:19:40.481440932+00:00
1843,9589,52.716354,2.437902,-12,2021-04-30 14:19:41.991373006+00:00
1844,9643,52.7229075,2.451009,-11,2021-04-30 14:20:24.469124112+00:00
1845,9697,52.729461,2.4575625,-12,2021-04-30 14:21:08.479442890+00:00
1846,9697,52.729461,2.4575625,-12,2021-04-30 14:21:09.327020046+00:00
1847,9748,52.7360145,2.4706695,-12,2021-04-30 14:21:52.463567223+00:00
1848,9796,52.742568,2.4837765,-11,2021-04-30 14:22:36.452437519+00:00
1849,9796,52.742568,2.4837765,-11,2021-04-30 14:22:41.797074967+00:00
1850,9848,52.7491215,2.49033,-12,2021-04-30 14:23:20.535192750+00:00
1851,9848,52.7491215,2.49033,-12,2021-04-30 14:23:21.212431564+00:00
1852,9899,52.755675,2.503437,-12,2021-04-30 14:24:04.525873170+00:00
1853,9946,52.755675,2.516544,-11,2021-04-30 14:24:48.513325947+00:00
1854,9946,52.755675,2.516544,-11,2021-04-30 14:24:49.955476629+00:00
1855,9994,52.7622285,2.5230975,-13,2021-04-30 14:25:32.505560986+00:00
1856,9994,52.7622285,2.5230975,-13,2021-04-30 14:25:33.074639277+00:00
1857,10043,52.768782,2.5362045,-13,2021-04-30 14:26:16.485759468+00:00
1858,10043,52.768782,2.5362045,-13,2021-04-30 14:26:17.410863844+00:00
1859,10095,52.7753355,2.542758,-12,2021-04-30 14:27:00.485580608+00:00
1860,10152,52.781889,2.555865,-12,2021-04-30 14:27:44.467504012+00:00
1861,10201,52.781889,2.5624185,-10,2021-04-30 14:28:28.459345647+00:00
1862,10201,52.781889,2.5624185,-10,2021-04-30 14:28:28.980823010+00:00
1863,10201,52.781889,2.5624185,-10,2021-04-30 14:28:39.484818967+00:00
1864,10250,52.7884425,2.5755255,-10,2021-04-30 14:29:12.539729647+00:00
1865,10250,52.7884425,2.5755255,-10,2021-04-30 14:29:13.592417202+00:00
1866,10296,52.794996,2.582079,-11,2021-04-30 14:29:56.525664804+00:00
1867,10337,52.794996,2.595186,-11,2021-04-30 14:30:40.512931878+00:00
1868,10337,52.794996,2.595186,-11,2021-04-30 14:30:41.272472075+00:00
1869,10374,52.8015495,2.6017395,-10,2021-04-30 14:31:24.504275506+00:00
1870,10374,52.8015495,2.6017395,-10,2021-04-30 14:31:25.093352660+00:00
1871,10417,52.8015495,2.608293,-9,2021-04-30 14:32:08.492890699+00:00
1872,10460,52.808103,2.6214,-11,2021-04-30 14:32:52.479009858+00:00
1873,10505,52.8146565,2.6279535,-10,2021-04-30 14:33:36.463723799+00:00
1874,10505,52.8146565,2.6279535,-10,2021-04-30 14:33:36.980702703+00:00
1875,10545,52.8146565,2.634507,-9,2021-04-30 14:34:20.451825984+00:00
1876,10579,52.82121,2.6410605,-9,2021-04-30 14:35:04.538872472+00:00
1877,10608,52.8277635,2.647614,-8,2021-04-30 14:35:48.526091812+00:00
1878,10634,52.8277635,2.660721,-6,2021-04-30 14:36:32.510097609+00:00
1879,10634,52.8277635,2.660721,-6,2021-04-30 14:36:33.193876322+00:00
1880,10662,52.834317,2.6672745,-6,2021-04-30 14:37:16.500250386+00:00
1881,10689,52.8408705,2.673828,-4,2021-04-30 14:38:00.484874991+00:00
1882,10689,52.8408705,2.673828,-4,2021-04-30 14:38:00.973279829+00:00
1883,10715,52.8408705,2.686935,-5,2021-04-30 14:38:44.473580850+00:00
1884,10739,52.847424,2.6934885,-5,2021-04-30 14:39:28.459791976+00:00
1885,10739,52.847424,2.6934885,-5,2021-04-30 14:39:28.934570734+00:00
1886,10758,52.8539775,2.700042,-2,2021-04-30 14:40:12.548430152+00:00
1887,10758,52.8539775,2.700042,-2,2021-04-30 14:40:13.283847246+00:00
1888,10776,52.8539775,2.7065955,-5,2021-04-30 14:40:56.548384859+00:00
1889,10794,52.860531,2.713149,-4,2021-04-30 14:41:40.550504794+00:00
1890,10794,52.860531,2.713149,-4,2021-04-30 14:41:41.128668015+00:00
1891,10812,52.8670845,2.7197025,-2,2021-04-30 14:42:24.524786463+00:00
1892,10812,52.8670845,2.7197025,-2,2021-04-30 14:42:25.131209856+00:00
1893,10826,52.8670845,2.726256,-2,2021-04-30 14:43:08.506986335+00:00
1894,10836,52.873638,2.739363,2,2021-04-30 14:43:52.457390989+00:00
1895,10836,52.873638,2.739363,2,2021-04-30 14:43:52.888097867+00:00
1896,10842,52.8801915,2.7459165,4,2021-04-30 14:44:36.540044286+00:00
1897,10842,52.8801915,2.7459165,4,2021-04-30 14:44:37.332899738+00:00
1898,10842,52.8801915,2.75247,5,2021-04-30 14:45:20.537167356+00:00
1899,10846,52.886745,2.765577,0,2021-04-30 14:46:04.516749694+00:00
1900,10846,52.886745,2.765577,0,2021-04-30 14:46:05.148856527+00:00
1901,10855,52.8932985,2.7721305,2,2021-04-30 14:46:48.494504509+00:00
1902,10864,52.8932985,2.778684,1,2021-04-30 14:47:32.486636212+00:00
1903,10864,52.8932985,2.778684,1,2021-04-30 14:47:33.195043851+00:00
1904,10868,52.899852,2.791791,1,2021-04-30 14:48:16.468554982+00:00
1905,10868,52.9064055,2.7983445,3,2021-04-30 14:48:59.514530513+00:00
1906,10863,52.9064055,2.804898,3,2021-04-30 14:49:43.501960955+00:00
1907,10856,52.912959,2.818005,2,2021-04-30 14:50:27.486777262+00:00
1908,10852,52.9195125,2.8245585,-1,2021-04-30 14:51:11.475445221+00:00
1909,10852,52.9195125,2.8245585,-1,2021-04-30 14:51:12.214421162+00:00
1910,10855,52.9195125,2.831112,-1,2021-04-30 14:51:54.502758506+00:00
1911,10855,52.9195125,2.831112,-1,2021-04-30 14:51:55.212702265+00:00
1912,10860,52.926066,2.8376655,1,2021-04-30 14:52:38.494478005+00:00
1913,10865,52.9326195,2.8507725,-2,2021-04-30 14:53:22.467009635+00:00
1914,10865,52.9326195,2.8507725,-2,2021-04-30 14:53:22.992666067+00:00
1915,10868,52.9326195,2.857326,0,2021-04-30 14:54:06.414684837+00:00
1916,10868,52.9326195,2.857326,0,2021-04-30 14:54:06.872736577+00:00
1917,10867,52.939173,2.8638795,-2,2021-04-30 14:54:50.500886364+00:00
1918,10867,52.939173,2.870433,0,2021-04-30 14:55:34.484594041+00:00
1919,10866,52.9457265,2.88354,1,2021-04-30 14:56:18.468985926+00:00
1920,10868,52.95228,2.8900935,1,2021-04-30 14:57:02.460395804+00:00
1921,10870,52.95228,2.896647,2,2021-04-30 14:57:46.503926469+00:00
1922,10870,52.95228,2.896647,2,2021-04-30 14:57:47.506291686+00:00
1923,10867,52.9588335,2.909754,-2,2021-04-30 14:58:29.481312576+00:00
1924,10866,52.965387,2.9163075,2,2021-04-30 14:59:13.452373185+00:00
1925,10866,52.965387,2.9163075,2,2021-04-30 14:59:14.001573927+00:00
1926,10865,52.965387,2.922861,0,2021-04-30 14:59:57.534629561+00:00
1927,10860,52.9719405,2.935968,-2,2021-04-30 15:00:41.519232649+00:00
1928,10855,52.978494,2.9425215,-3,2021-04-30 15:01:25.525101718+00:00
1929,10856,52.978494,2.949075,-1,2021-04-30 15:02:09.513780559+00:00
1930,10854,52.9850475,2.962182,0,2021-04-30 15:02:53.499347160+00:00
1931,10852,52.9850475,2.9687355,1,2021-04-30 15:03:37.482682332+00:00
1932,10852,52.9850475,2.9687355,1,2021-04-30 15:03:38.113134945+00:00
1933,10852,52.9850475,2.9687355,1,2021-04-30 15:03:40.744090737+00:00
1934,10851,52.991601,2.975289,2,2021-04-30 15:04:21.470229858+00:00
1935,10850,52.9981545,2.988396,1,2021-04-30 15:05:05.425267457+00:00
1936,10855,52.9981545,2.9949495,3,2021-04-30 15:05:49.507201928+00:00
1937,10860,53.004708,3.001503,1,2021-04-30 15:06:33.493464438+00:00
1938,10867,53.004708,3.0080565,-2,2021-04-30 15:07:16.542603391+00:00
1939,10867,53.004708,3.0080565,-2,2021-04-30 15:07:17.188552009+00:00
1940,10870,53.0112615,3.0211635,-1,2021-04-30 15:08:00.528936802+00:00
1941,10870,53.0112615,3.0211635,-1,2021-04-30 15:08:01.260129444+00:00
1942,10868,53.017815,3.027717,0,2021-04-30 15:08:44.514423502+00:00
1943,10862,53.017815,3.0342705,2,2021-04-30 15:09:28.504382460+00:00
1944,10857,53.0243685,3.0473775,-1,2021-04-30 15:10:12.458474846+00:00
1945,10857,53.0243685,3.0473775,-1,2021-04-30 15:10:13.048881131+00:00
1946,10857,53.0243685,3.0473775,-1,2021-04-30 15:10:13.912029013+00:00
1947,10853,53.030922,3.053931,0,2021-04-30 15:10:56.499614507+00:00
1948,10853,53.030922,3.0604845,0,2021-04-30 15:11:40.450535141+00:00
1949,10854,53.0374755,3.0735915,1,2021-04-30 15:12:24.529814868+00:00
1950,10856,53.0374755,3.080145,0,2021-04-30 15:13:08.520952232+00:00
1951,10856,53.0374755,3.080145,0,2021-04-30 15:13:09.074271726+00:00
1952,10858,53.044029,3.093252,1,2021-04-30 15:13:52.504363295+00:00
1953,10858,53.044029,3.093252,1,2021-04-30 15:13:53.055078454+00:00
1954,10861,53.0505825,3.0998055,0,2021-04-30 15:14:36.489058274+00:00
1955,10861,53.0505825,3.0998055,0,2021-04-30 15:14:36.996189659+00:00
1956,10863,53.0505825,3.106359,-3,2021-04-30 15:15:20.477827608+00:00
1957,10864,53.057136,3.119466,-5,2021-04-30 15:16:04.467000646+00:00
1958,10863,53.057136,3.1260195,-5,2021-04-30 15:16:48.455968482+00:00
1959,10863,53.057136,3.1260195,-5,2021-04-30 15:16:48.973358802+00:00
1960,10859,53.0636895,3.132573,-1,2021-04-30 15:17:32.529658335+00:00
1961,10855,53.070243,3.14568,-3,2021-04-30 15:18:16.514564317+00:00
1962,10853,53.070243,3.1522335,-3,2021-04-30 15:18:59.502581759+00:00
1963,10854,53.0767965,3.1653405,-4,2021-04-30 15:19:42.497933598+00:00
1964,10857,53.0767965,3.171894,-1,2021-04-30 15:20:26.466170260+00:00
1965,10856,53.08335,3.185001,-2,2021-04-30 15:21:10.474775355+00:00
1966,10852,53.0899035,3.1915545,4,2021-04-30 15:21:54.462931780+00:00
1967,10852,53.0899035,3.2046615,2,2021-04-30 15:22:38.544478036+00:00
1968,10846,53.096457,3.211215,3,2021-04-30 15:23:22.506188913+00:00
1969,10832,53.096457,3.2177685,2,2021-04-30 15:24:06.491344699+00:00
1970,10823,53.1030105,3.2308755,3,2021-04-30 15:24:49.448680836+00:00
1971,10826,53.109564,3.237429,2,2021-04-30 15:25:33.537380087+00:00
1972,10835,53.109564,3.250536,1,2021-04-30 15:26:16.470404804+00:00
1973,10835,53.109564,3.250536,1,2021-04-30 15:26:17.237212411+00:00
1974,10845,53.1161175,3.2570895,0,2021-04-30 15:27:00.456147197+00:00
1975,10845,53.1161175,3.2570895,0,2021-04-30 15:27:01.989733912+00:00
1976,10853,53.1161175,3.263643,0,2021-04-30 15:27:44.540992116+00:00
1977,10860,53.122671,3.27675,-1,2021-04-30 15:28:28.530061532+00:00
1978,10861,53.1292245,3.2833035,-1,2021-04-30 15:29:12.513020367+00:00
1979,10859,53.1292245,3.289857,-4,2021-04-30 15:29:56.504680017+00:00
1980,10857,53.135778,3.302964,-1,2021-04-30 15:30:40.491638505+00:00
1981,10857,53.135778,3.302964,-1,2021-04-30 15:30:41.587370850+00:00
1982,10859,53.135778,3.3095175,-2,2021-04-30 15:31:24.477314776+00:00
1983,10858,53.1423315,3.316071,-3,2021-04-30 15:32:08.465528781+00:00
1984,10862,53.148885,3.329178,-3,2021-04-30 15:32:51.545458312+00:00
1985,10867,53.148885,3.3357315,-3,2021-04-30 15:33:35.521360554+00:00
1986,10866,53.1554385,3.342285,-3,2021-04-30 15:34:19.503661281+00:00
1987,10862,53.1554385,3.355392,-5,2021-04-30 15:35:03.492169189+00:00
1988,10862,53.1554385,3.355392,-5,2021-04-30 15:35:04.463018688+00:00
1989,10860,53.161992,3.3619455,0,2021-04-30 15:35:47.476033936+00:00
1990,10860,53.161992,3.3619455,0,2021-04-30 15:35:47.888489274+00:00
1991,10860,53.161992,3.3619455,0,2021-04-30 15:35:48.304431957+00:00
1992,10860,53.161992,3.3619455,0,2021-04-30 15:35:49.287126112+00:00
1993,10861,53.1685455,3.368499,1,2021-04-30 15:36:31.469915016+00:00
1994,10860,53.1685455,3.381606,1,2021-04-30 15:37:15.452419145+00:00
1995,10860,53.1685455,3.381606,1,2021-04-30 15:37:15.993743481+00:00
1996,10860,53.1685455,3.381606,1,2021-04-30 15:37:17.108318775+00:00
1997,10862,53.175099,3.3881595,-1,2021-04-30 15:37:59.541807583+00:00
1998,10862,53.175099,3.394713,-1,2021-04-30 15:38:43.525637330+00:00
1999,10867,53.1816525,3.40782,0,2021-04-30 15:39:27.511744807+00:00
2000,10871,53.188206,3.4143735,0,2021-04-30 15:40:11.499038099+00:00
2001,10870,53.188206,3.420927,-3,2021-04-30 15:40:55.506279255+00:00
2002,10866,53.1947595,3.434034,-6,2021-04-30 15:41:39.491329018+00:00
2003,10861,53.1947595,3.4405875,-4,2021-04-30 15:42:23.482776465+00:00
2004,10859,53.201313,3.447141,-1,2021-04-30 15:43:06.510221404+00:00
2005,10860,53.2078665,3.4536945,-2,2021-04-30 15:43:50.496380481+00:00
2006,10862,53.2078665,3.4668015,0,2021-04-30 15:44:34.472555027+00:00
2007,10865,53.21442,3.473355,2,2021-04-30 15:45:18.460639162+00:00
2008,10871,53.21442,3.4799085,1,2021-04-30 15:46:02.547295417+00:00
2009,10874,53.2209735,3.4930155,-4,2021-04-30 15:46:46.536381886+00:00
2010,10872,53.227527,3.499569,-5,2021-04-30 15:47:30.521026996+00:00
2011,10870,53.227527,3.5061225,-4,2021-04-30 15:48:14.512258092+00:00
2012,10868,53.2340805,3.5192295,-1,2021-04-30 15:48:58.496494597+00:00
2013,10868,53.2340805,3.525783,-1,2021-04-30 15:49:42.486375776+00:00
2014,10868,53.240634,3.5323365,0,2021-04-30 15:50:26.471537193+00:00
2015,10874,53.2471875,3.5454435,1,2021-04-30 15:51:10.457917026+00:00
2016,10879,53.2471875,3.551997,0,2021-04-30 15:51:53.478388624+00:00
2017,10881,53.253741,3.5585505,3,2021-04-30 15:52:37.458967480+00:00
2018,10881,53.253741,3.5585505,3,2021-04-30 15:52:38.234628207+00:00
2019,10880,53.2602945,3.565104,1,2021-04-30 15:53:21.546913752+00:00
2020,10878,53.2602945,3.578211,-3,2021-04-30 15:54:05.532636176+00:00
2021,10873,53.266848,3.5847645,-3,2021-04-30 15:54:49.486197776+00:00
2022,10873,53.266848,3.5847645,-3,2021-04-30 15:55:10.719173820+00:00
2023,10871,53.2734015,3.591318,-3,2021-04-30 15:55:33.436133629+00:00
2024,10872,53.2734015,3.604425,0,2021-04-30 15:56:17.520801758+00:00
2025,10872,53.279955,3.6109785,-2,2021-04-30 15:57:01.504234952+00:00
2026,10871,53.2865085,3.617532,0,2021-04-30 15:57:45.494547436+00:00
2027,10871,53.2865085,3.630639,1,2021-04-30 15:58:29.481931482+00:00
2028,10872,53.293062,3.6371925,3,2021-04-30 15:59:13.466627393+00:00
2029,10873,53.2996155,3.643746,7,2021-04-30 15:59:57.452492519+00:00
2030,10870,53.2996155,3.6502995,5,2021-04-30 16:00:41.537918958+00:00
2031,10863,53.306169,3.6634065,4,2021-04-30 16:01:25.539646093+00:00
2032,10857,53.3127225,3.66996,0,2021-04-30 16:02:09.524872113+00:00
2033,10857,53.3127225,3.66996,0,2021-04-30 16:02:10.351430215+00:00
2034,10851,53.319276,3.6765135,-1,2021-04-30 16:02:53.513342084+00:00
2035,10846,53.319276,3.6896205,0,2021-04-30 16:03:37.495401469+00:00
2036,10843,53.3258295,3.696174,-1,2021-04-30 16:04:21.485337459+00:00
2037,10843,53.3258295,3.696174,-1,2021-04-30 16:04:22.000461653+00:00
2038,10840,53.332383,3.7027275,4,2021-04-30 16:05:05.473360523+00:00
2039,10841,53.332383,3.7158345,8,2021-04-30 16:05:49.459203159+00:00
2040,10846,53.3389365,3.722388,12,2021-04-30 16:06:33.543176688+00:00
2041,10846,53.3389365,3.722388,12,2021-04-30 16:06:34.301086785+00:00
2042,10846,53.3389365,3.722388,12,2021-04-30 16:06:35.545701200+00:00
2043,10853,53.34549,3.7289415,10,2021-04-30 16:07:17.528764121+00:00
2044,10860,53.34549,3.7420485,1,2021-04-30 16:08:01.517692497+00:00
2045,10864,53.3520435,3.748602,0,2021-04-30 16:08:45.498276663+00:00
2046,10861,53.358597,3.7551555,-3,2021-04-30 16:09:29.488065150+00:00
2047,10856,53.358597,3.761709,-4,2021-04-30 16:10:13.472880272+00:00
2048,10851,53.3651505,3.774816,-2,2021-04-30 16:10:57.457960598+00:00
2049,10849,53.371704,3.7813695,-2,2021-04-30 16:11:41.540103304+00:00
2050,10849,53.371704,3.7813695,-2,2021-04-30 16:11:42.051180944+00:00
2051,10844,53.371704,3.787923,5,2021-04-30 16:12:25.525752936+00:00
2052,10839,53.3782575,3.80103,10,2021-04-30 16:13:09.518016457+00:00
2053,10836,53.384811,3.8075835,4,2021-04-30 16:13:53.500999154+00:00
2054,10835,53.384811,3.814137,2,2021-04-30 16:14:37.490467938+00:00
2055,10838,53.3913645,3.8206905,3,2021-04-30 16:15:21.480213925+00:00
2056,10834,53.397918,3.8337975,-1,2021-04-30 16:16:05.447104310+00:00
2057,10836,53.397918,3.840351,1,2021-04-30 16:16:49.528998013+00:00
2058,10836,53.397918,3.840351,1,2021-04-30 16:16:49.970178732+00:00
2059,10838,53.4044715,3.853458,1,2021-04-30 16:17:33.518792500+00:00
2060,10846,53.4044715,3.8600115,3,2021-04-30 16:18:17.505391646+00:00
2061,10846,53.4044715,3.8600115,3,2021-04-30 16:18:18.113268363+00:00
2062,10855,53.411025,3.866565,3,2021-04-30 16:19:01.492114293+00:00
2063,10857,53.4175785,3.879672,-3,2021-04-30 16:19:45.477395001+00:00
2064,10853,53.4175785,3.8862255,-4,2021-04-30 16:20:29.468548952+00:00
2065,10853,53.4175785,3.8862255,-4,2021-04-30 16:20:30.152755383+00:00
2066,10846,53.424132,3.892779,-5,2021-04-30 16:21:12.449400368+00:00
2067,10841,53.4306855,3.905886,-3,2021-04-30 16:21:55.551468385+00:00
2068,10837,53.4306855,3.9124395,2,2021-04-30 16:22:39.532529403+00:00
2069,10836,53.437239,3.918993,2,2021-04-30 16:23:23.516484759+00:00
2070,10836,53.437239,3.918993,2,2021-04-30 16:23:24.326467650+00:00
2071,10842,53.4437925,3.9321,4,2021-04-30 16:24:07.512015968+00:00
2072,10846,53.4437925,3.9386535,-1,2021-04-30 16:24:50.514644971+00:00
2073,10851,53.450346,3.945207,-2,2021-04-30 16:25:34.506563133+00:00
2074,10852,53.4568995,3.958314,-6,2021-04-30 16:26:18.491238699+00:00
2075,10852,53.4568995,3.9648675,-6,2021-04-30 16:27:02.484117873+00:00
2076,10852,53.4568995,3.9648675,-6,2021-04-30 16:27:03.212416186+00:00
2077,10851,53.463453,3.971421,-4,2021-04-30 16:27:45.524600876+00:00
2078,10849,53.4700065,3.984528,-4,2021-04-30 16:28:29.504497563+00:00
2079,10846,53.4700065,3.9910815,-2,2021-04-30 16:29:13.491990223+00:00
2080,10846,53.4700065,3.9910815,-2,2021-04-30 16:29:14.087307683+00:00
2081,10846,53.47656,3.997635,-1,2021-04-30 16:29:57.481129305+00:00
2082,10848,53.4831135,4.010742,-5,2021-04-30 16:30:40.518480221+00:00
2083,10852,53.4831135,4.0172955,3,2021-04-30 16:31:24.507423701+00:00
2084,10845,53.489667,4.023849,0,2021-04-30 16:32:08.486212846+00:00
2085,10839,53.4962205,4.036956,-3,2021-04-30 16:32:52.476624245+00:00
2086,10832,53.4962205,4.0435095,-3,2021-04-30 16:33:36.465386722+00:00
2087,10832,53.4962205,4.0435095,-3,2021-04-30 16:33:37.069414097+00:00
2088,10832,53.502774,4.050063,-1,2021-04-30 16:34:20.532511533+00:00
2089,10833,53.5093275,4.0697235,3,2021-04-30 16:35:28.478289111+00:00
2090,10836,53.5093275,4.076277,-1,2021-04-30 16:36:12.467636796+00:00
2091,10839,53.515881,4.0828305,4,2021-04-30 16:36:56.452222918+00:00
2092,10833,53.5224345,4.0959375,-4,2021-04-30 16:37:40.535995050+00:00
2093,10823,53.5224345,4.102491,-4,2021-04-30 16:38:24.524787727+00:00
2094,10823,53.5224345,4.102491,-4,2021-04-30 16:38:25.721571728+00:00
2095,10817,53.528988,4.115598,-5,2021-04-30 16:39:07.487898263+00:00
2096,10817,53.528988,4.115598,-5,2021-04-30 16:39:08.116953968+00:00
2097,10819,53.5355415,4.1221515,-6,2021-04-30 16:39:51.457546687+00:00
2098,10826,53.5355415,4.1352585,-3,2021-04-30 16:40:35.509448398+00:00
2099,10836,53.542095,4.141812,-4,2021-04-30 16:41:19.517024223+00:00
2100,10840,53.542095,4.1483655,-7,2021-04-30 16:42:03.505295194+00:00
2101,10832,53.4962205,4.0435095,-3,2021-04-30 16:42:18.052285556+00:00
2102,10832,53.502774,4.050063,-1,2021-04-30 16:42:18.128856767+00:00
2103,10833,53.5093275,4.0697235,3,2021-04-30 16:42:22.288943992+00:00
2104,10836,53.5486485,4.1614725,-3,2021-04-30 16:42:47.491839542+00:00
2105,10836,53.5486485,4.1614725,-3,2021-04-30 16:42:48.000772561+00:00
2106,10832,53.555202,4.168026,-6,2021-04-30 16:43:31.475151847+00:00
2107,10846,53.5617555,4.19424,-2,2021-04-30 16:45:19.222106520+00:00
2108,10846,53.5617555,4.19424,-2,2021-04-30 16:45:21.570923734+00:00
2109,10848,53.568309,4.2007935,-1,2021-04-30 16:46:02.521464147+00:00
2110,10848,53.568309,4.2007935,-1,2021-04-30 16:46:03.107708888+00:00
2111,10854,53.568309,4.2139005,-3,2021-04-30 16:46:46.507635442+00:00
2112,10855,53.5748625,4.220454,-5,2021-04-30 16:47:30.530752325+00:00
2113,10856,53.581416,4.2270075,-2,2021-04-30 16:48:14.519547555+00:00
2114,10856,53.581416,4.2270075,-2,2021-04-30 16:48:15.281660918+00:00
2115,10855,53.581416,4.2401145,-2,2021-04-30 16:48:58.510935519+00:00
2116,10853,53.5879695,4.246668,-2,2021-04-30 16:49:42.522768153+00:00
2117,10856,53.594523,4.259775,-2,2021-04-30 16:50:26.474085088+00:00
2118,10857,53.594523,4.2663285,3,2021-04-30 16:51:10.474323869+00:00
2119,10857,53.594523,4.2663285,3,2021-04-30 16:51:11.351713054+00:00
2120,10857,53.6010765,4.2794355,0,2021-04-30 16:51:54.418053204+00:00
2121,10856,53.60763,4.285989,0,2021-04-30 16:52:38.504920929+00:00
2122,10856,53.60763,4.285989,0,2021-04-30 16:52:39.090596862+00:00
2123,10856,53.60763,4.299096,-2,2021-04-30 16:53:22.414610415+00:00
2124,10856,53.60763,4.299096,-2,2021-04-30 16:53:23.148247202+00:00
2125,10860,53.6141835,4.3056495,-2,2021-04-30 16:54:06.498218096+00:00
2126,10860,53.6141835,4.3056495,-2,2021-04-30 16:54:07.154160758+00:00
2127,10865,53.6141835,4.3187565,-4,2021-04-30 16:54:50.488870351+00:00
2128,10865,53.6141835,4.3187565,-4,2021-04-30 16:54:51.898311261+00:00
2129,10868,53.620737,4.32531,-1,2021-04-30 16:55:46.548494065+00:00
2130,10864,53.6272905,4.338417,-4,2021-04-30 16:56:30.545671705+00:00
2131,10864,53.6272905,4.338417,-4,2021-04-30 16:56:31.601555547+00:00
2132,10859,53.633844,4.3449705,-6,2021-04-30 16:57:14.501273497+00:00
2133,10859,53.633844,4.3449705,-6,2021-04-30 16:57:14.985685993+00:00
2134,10859,53.633844,4.3449705,-6,2021-04-30 16:57:16.182229792+00:00
2135,10854,53.633844,4.3580775,-3,2021-04-30 16:57:58.492007952+00:00
2136,10854,53.633844,4.3580775,-3,2021-04-30 16:57:59.638566692+00:00
2137,10852,53.6403975,4.3711845,-4,2021-04-30 16:59:03.522123013+00:00
2138,10852,53.6403975,4.3711845,-4,2021-04-30 16:59:04.523767638+00:00
2139,10858,53.6535045,4.390845,6,2021-04-30 17:00:26.642516438+00:00
2140,10860,53.6535045,4.3973985,-2,2021-04-30 17:01:10.550634703+00:00
2141,10858,53.660058,4.4105055,1,2021-04-30 17:01:54.531275125+00:00
2142,10858,53.660058,4.4105055,1,2021-04-30 17:01:55.155778271+00:00
2143,10858,53.660058,4.4105055,1,2021-04-30 17:01:55.661006342+00:00
2144,10858,53.660058,4.4105055,1,2021-04-30 17:01:56.300480786+00:00
2145,10847,53.6666115,4.417059,1,2021-04-30 17:02:38.482968228+00:00
2146,10847,53.6666115,4.417059,1,2021-04-30 17:02:38.953773748+00:00
2147,10841,53.6666115,4.430166,2,2021-04-30 17:03:22.466754758+00:00
2148,10841,53.6666115,4.430166,2,2021-04-30 17:03:23.266523625+00:00
2149,10833,53.673165,4.4367195,1,2021-04-30 17:04:06.453870133+00:00
2150,10832,53.673165,4.4498265,1,2021-04-30 17:04:50.559299171+00:00
2151,10832,53.673165,4.4498265,1,2021-04-30 17:04:51.111803971+00:00
2152,10832,53.673165,4.4498265,1,2021-04-30 17:04:51.595083656+00:00
2157,10852,53.7387,4.600557,-1,2021-04-30 17:16:06.649386435+00:00
2158,10852,53.7387,4.600557,-1,2021-04-30 17:16:07.705496989+00:00
2159,10852,53.7387,4.600557,-1,2021-04-30 17:16:08.198830507+00:00
2160,10855,53.7452535,4.6071105,4,2021-04-30 17:16:51.475243292+00:00
2161,10853,53.751807,4.626771,8,2021-04-30 17:18:04.660342942+00:00
2162,10853,53.751807,4.6333245,0,2021-04-30 17:18:48.435041410+00:00
2163,10846,53.7583605,4.6464315,1,2021-04-30 17:19:32.521969303+00:00
2164,10846,53.7583605,4.6464315,1,2021-04-30 17:19:33.553830037+00:00
2165,10843,53.7583605,4.652985,1,2021-04-30 17:20:16.524169961+00:00
2166,10849,53.764914,4.666092,2,2021-04-30 17:21:00.509844790+00:00
2167,10840,53.778021,4.705413,0,2021-04-30 17:23:38.475647902+00:00
2168,10840,53.778021,4.705413,0,2021-04-30 17:23:39.112388814+00:00
2169,10840,53.778021,4.705413,0,2021-04-30 17:23:39.522666435+00:00
2170,10843,53.7845745,4.7119665,-2,2021-04-30 17:24:22.459008600+00:00
2171,10844,53.7845745,4.7250735,-3,2021-04-30 17:25:06.442272698+00:00
2172,10844,53.7845745,4.7250735,-3,2021-04-30 17:25:07.279103154+00:00
2173,10845,53.791128,4.731627,-5,2021-04-30 17:25:50.523264487+00:00
2174,10842,53.7976815,4.744734,-5,2021-04-30 17:26:34.511586952+00:00
2176,10811,53.817342,4.810269,3,2021-04-30 17:30:57.466778661+00:00
2177,10815,53.8238955,4.8168225,1,2021-04-30 17:31:41.454379216+00:00
2178,10815,53.8238955,4.8168225,1,2021-04-30 17:31:42.796667750+00:00
2179,10817,53.8238955,4.8299295,0,2021-04-30 17:32:25.540906478+00:00
2180,10822,53.830449,4.836483,0,2021-04-30 17:33:08.479449973+00:00
2182,10831,53.8501095,4.902018,-5,2021-04-30 17:37:29.396565533+00:00
2183,10831,53.8501095,4.902018,-5,2021-04-30 17:37:32.061683541+00:00
2184,10834,53.8632165,4.9216785,-3,2021-04-30 17:39:05.552524111+00:00
2185,10834,53.8632165,4.9216785,-3,2021-04-30 17:39:06.112152504+00:00
2186,10834,53.8632165,4.9347855,-3,2021-04-30 17:39:49.530763990+00:00
2187,10830,53.86977,4.9478925,-2,2021-04-30 17:40:33.518290792+00:00
2188,10831,53.86977,4.954446,-8,2021-04-30 17:41:17.488954170+00:00
2189,10833,53.8763235,4.967553,-6,2021-04-30 17:42:01.470100188+00:00
2190,10833,53.8763235,4.967553,-6,2021-04-30 17:42:02.846345169+00:00
2191,10835,53.882877,4.98066,-5,2021-04-30 17:42:45.456729677+00:00
2192,10835,53.882877,4.98066,-5,2021-04-30 17:42:46.461119046+00:00
2193,10833,53.882877,4.9872135,-6,2021-04-30 17:43:29.539750541+00:00
2194,10838,53.8894305,5.0003205,-7,2021-04-30 17:44:13.526878637+00:00
2195,10842,53.8894305,5.0134275,-5,2021-04-30 17:44:57.519634307+00:00
2196,10847,53.895984,5.019981,-6,2021-04-30 17:45:41.502534348+00:00
2197,10847,53.895984,5.033088,-3,2021-04-30 17:46:25.492222078+00:00
2198,10844,53.9025375,5.046195,-1,2021-04-30 17:47:09.475333221+00:00
2199,10842,53.909091,5.0527485,-4,2021-04-30 17:47:53.462913524+00:00
2200,10845,53.909091,5.0658555,-7,2021-04-30 17:48:36.531680988+00:00
2201,10845,53.909091,5.0658555,-7,2021-04-30 17:48:37.233854864+00:00
2202,10849,53.9156445,5.0789625,-7,2021-04-30 17:49:20.514171923+00:00
2203,10856,53.9156445,5.085516,-7,2021-04-30 17:50:04.504256558+00:00
2204,10856,53.922198,5.098623,-9,2021-04-30 17:50:48.488292114+00:00
2205,10842,53.9287515,5.11173,-8,2021-04-30 17:51:44.455757077+00:00
2206,10833,53.9287515,5.124837,-10,2021-04-30 17:52:28.506402113+00:00
2207,10824,53.935305,5.137944,-6,2021-04-30 17:53:12.454702196+00:00
2208,10833,53.9418585,5.1576045,0,2021-04-30 17:54:37.448590669+00:00
2209,10843,53.961519,5.2100325,-3,2021-04-30 17:58:07.464857532+00:00
2210,10843,53.961519,5.2231395,-5,2021-04-30 17:58:51.452958543+00:00
2211,10845,53.9680725,5.229693,-8,2021-04-30 17:59:35.539798257+00:00
2212,10845,53.9942865,5.308335,-3,2021-04-30 18:04:37.503707662+00:00
2213,10845,53.9942865,5.308335,-3,2021-04-30 18:04:38.310701013+00:00
2214,10846,53.9942865,5.321442,-2,2021-04-30 18:05:21.473354629+00:00
2215,10840,54.0073935,5.3542095,-1,2021-04-30 18:07:32.504811949+00:00
2216,10840,54.013947,5.3673165,-6,2021-04-30 18:08:16.489802019+00:00
2217,10838,54.013947,5.37387,-5,2021-04-30 18:09:00.441511050+00:00
2218,10827,54.040161,5.4590655,-2,2021-04-30 18:14:31.516890985+00:00
2219,10832,54.0467145,5.4721725,-4,2021-04-30 18:15:15.511686696+00:00
2220,10830,54.0467145,5.4852795,-3,2021-04-30 18:15:58.487488163+00:00
2221,10815,54.079482,5.583582,-5,2021-04-30 18:22:24.447098319+00:00
2222,10830,54.0860355,5.609796,-9,2021-04-30 18:24:06.479074899+00:00
2224,10843,54.0991425,5.6294565,-10,2021-04-30 18:25:41.501724706+00:00
2225,10834,54.0991425,5.6425635,-8,2021-04-30 18:26:26.629433463+00:00
2226,10785,54.1777845,5.8784895,-11,2021-04-30 18:42:37.533023799+00:00
2227,10775,54.197445,5.9178105,-13,2021-04-30 18:45:38.540468627+00:00
2228,10775,54.197445,5.9178105,-13,2021-04-30 18:45:42.089344479+00:00
2229,10765,54.197445,5.9309175,-16,2021-04-30 18:46:22.526265180+00:00
2230,10750,54.2039985,5.9440245,-18,2021-04-30 18:47:06.541227791+00:00
